name,melodic,rhythmic,energetic,apathetic,raw,surreal,anxious,bittersweet,warm,cold,rebellious,mysterious,poetic,quirky,eclectic,atmospheric,urban,pastoral,dark,romantic,progressive,anthemic,humorous,serious,calm,heavy,noisy,dense,acoustic,sentimental,angry,spiritual,sad,happy,epic,minimalistic,futuristic,natural
Living in Darkness,1,1,1,0,1,0,1,0,0,0,1,0,0,0,0,0,0,0,1,0,0,0,0,0,0,0,0,0,0,0,1,0,2,0,0,0,0,0
Souvenirs d'un autre monde,1,0,0,0,0,1,0,1,1,0,0,1,1,0,0,1,0,1,0,0,0,0,0,0,2,0,0,1,0,2,0,1,1,0,0,0,0,2
People Who Can Eat People Are the Luckiest People in the World,1,0,2,0,1,0,1,1,0,0,0,0,0,1,0,0,0,0,1,0,0,0,4,0,0,0,0,0,1,1,0,0,3,1,0,0,0,0
Funeral,1,0,0,0,0,1,1,2,0,1,0,0,1,0,0,0,0,0,0,1,0,1,0,0,0,0,0,0,0,2,0,0,1,2,1,0,0,1
Neon Bible,1,0,0,0,0,1,1,0,0,1,0,0,1,0,0,0,0,0,2,0,0,0,0,1,0,0,0,1,0,1,0,0,1,0,1,0,0,0
The Suburbs,1,0,1,0,0,0,1,2,2,0,1,0,1,0,1,1,1,0,0,0,0,0,0,1,0,0,0,0,0,2,0,0,1,1,1,0,0,1
Reflektor,1,1,1,0,0,1,0,0,0,1,0,0,0,0,1,0,0,0,0,1,0,1,0,0,0,0,0,0,0,1,0,0,2,0,0,0,0,0
"Whatever People Say I Am, That's What I'm Not",1,1,2,0,1,0,1,0,0,1,1,0,0,0,0,0,2,0,0,0,0,1,2,0,0,0,0,0,0,1,0,0,0,1,0,0,0,1
Favourite Worst Nightmare,1,1,1,0,1,0,1,0,0,1,0,0,0,1,0,0,1,0,0,0,0,1,1,0,0,0,0,1,0,1,0,0,0,1,0,0,0,0
Humbug,1,1,1,0,1,1,0,1,0,1,0,2,1,0,0,1,1,0,1,0,0,0,0,0,0,1,0,1,0,1,0,0,0,0,0,0,0,1
Suck It and See,1,0,1,0,1,0,0,2,2,0,0,0,1,0,0,0,0,0,0,1,0,0,0,0,1,0,0,0,0,1,0,0,1,0,0,0,0,0
AM,1,1,0,3,0,0,0,1,0,1,0,0,0,0,0,0,1,0,0,2,0,0,1,0,1,0,0,0,0,1,0,0,1,0,0,0,0,0
Tranquility Base Hotel + Casino,1,0,0,0,0,3,0,1,1,1,0,1,1,1,0,1,0,0,0,2,0,0,3,0,2,0,0,0,0,0,0,0,0,1,0,0,2,0
Relationship of Command,1,1,2,0,1,0,1,0,0,0,1,1,0,0,0,0,1,0,0,0,2,1,0,0,0,0,0,0,0,1,2,0,0,0,0,0,0,0
The B-52's,0,1,2,0,0,1,0,0,1,0,0,0,0,1,0,0,1,0,0,0,0,0,2,0,0,0,0,0,0,0,0,0,0,2,0,0,1,0
Bad Brains,0,1,2,0,2,0,0,0,0,0,1,0,0,0,0,0,1,0,0,0,1,0,0,0,0,1,6,1,0,1,2,1,0,1,0,0,0,0
No Control,1,0,1,0,1,0,1,0,0,0,1,0,1,0,0,0,0,0,0,0,0,1,1,0,0,0,0,0,0,0,1,0,1,0,0,1,0,0
Music From Big Pink,1,0,0,1,1,1,0,1,1,0,0,0,1,0,0,0,0,1,0,0,0,0,0,0,3,0,0,0,0,2,0,1,1,0,0,0,0,1
In the Flat Field,0,1,2,0,1,1,1,0,0,2,0,1,0,0,0,1,0,0,2,0,1,0,0,0,0,1,6,0,0,1,0,1,2,0,0,0,0,0
Mask,0,1,1,0,1,1,1,0,0,2,1,0,0,1,1,1,0,0,2,0,0,0,0,0,0,0,6,0,0,0,1,0,0,0,0,0,0,0
Pet Sounds,1,0,0,0,0,2,0,2,2,0,0,0,1,0,0,0,0,0,0,1,3,0,0,0,1,0,0,0,0,2,0,0,1,1,0,0,0,0
Surf's Up,1,0,0,0,0,2,0,2,0,1,0,0,1,0,1,1,0,0,0,0,1,0,0,0,0,0,0,0,0,1,0,0,6,0,0,0,0,2
Licensed to Ill,0,1,1,0,0,0,0,0,0,0,1,0,0,0,1,0,2,0,0,0,0,1,3,0,0,0,0,0,0,0,1,0,0,1,0,0,0,0
Paul's Boutique,0,1,2,0,0,1,0,0,0,0,1,0,0,1,1,0,2,0,0,0,3,0,2,0,0,0,0,1,0,0,0,0,0,2,0,0,0,0
Check Your Head,0,1,1,0,0,1,0,0,0,0,0,0,0,1,1,0,2,0,0,0,0,0,2,0,0,0,0,1,0,0,0,0,0,1,0,0,0,0
Ill Communication,0,1,1,0,2,1,0,0,0,0,0,0,0,1,1,0,2,0,0,0,0,0,2,0,0,0,0,0,0,0,0,0,0,2,0,0,0,0
Hello Nasty,0,1,2,0,0,3,0,0,0,0,0,0,0,1,1,0,2,0,0,0,1,0,1,0,0,0,0,1,0,0,0,0,0,1,0,0,2,0
Hot Sauce Committee Part Two,0,1,1,0,0,2,0,0,0,0,0,0,0,1,1,0,2,0,0,0,0,0,1,0,0,0,0,0,0,1,0,0,0,1,0,0,0,0
Rubber Soul,1,0,0,0,0,0,0,2,0,0,0,0,0,0,1,0,0,0,0,1,0,0,0,0,1,0,0,0,0,1,0,0,1,1,0,0,0,1
The Beatles [White Album],1,0,1,0,1,2,0,1,0,0,1,0,0,1,1,0,0,0,0,0,1,0,3,0,0,0,0,1,0,0,0,0,0,2,0,0,0,0
Abbey Road,1,0,1,0,0,2,0,1,2,0,0,0,0,1,1,0,0,0,0,1,0,0,0,0,1,0,0,0,0,1,0,0,0,5,0,0,0,1
Let It Be,1,1,1,0,1,0,0,1,1,0,0,0,0,0,0,0,0,0,0,0,0,0,0,0,0,0,0,0,0,1,0,0,1,2,0,0,0,0
Mellow Gold,0,1,1,2,2,2,0,0,2,0,0,1,0,1,1,0,0,0,1,0,1,0,4,0,1,0,2,0,0,0,0,0,0,1,0,0,0,0
One Foot in the Grave,0,0,0,1,2,1,1,0,0,0,0,0,0,1,1,0,0,0,0,0,0,0,2,0,1,0,0,0,1,0,0,0,2,0,0,0,0,0
Odelay,1,1,1,0,1,2,0,0,2,0,0,0,0,1,1,0,0,0,0,0,1,0,2,0,0,0,4,1,0,0,0,0,0,2,0,0,0,0
Mutations,1,0,0,1,0,1,0,0,1,0,0,1,1,1,1,0,0,1,0,0,0,0,0,0,1,0,0,0,0,0,0,0,1,1,0,0,0,0
Midnite Vultures,0,1,2,0,0,2,0,0,1,0,0,1,0,1,1,0,2,0,0,0,0,0,2,0,0,0,4,1,0,0,0,0,0,3,0,0,1,0
Sea Change,1,0,0,0,0,2,0,2,1,0,0,0,1,0,0,0,0,1,0,0,0,0,0,0,3,0,0,0,0,1,0,1,4,0,0,0,0,2
Modern Guilt,1,0,0,0,0,0,0,0,0,2,0,2,0,0,1,0,1,0,2,0,0,0,0,0,1,0,0,0,0,0,0,0,2,0,0,0,0,1
Fôrça bruta,1,1,1,0,0,1,0,2,2,0,0,0,0,0,0,0,0,0,0,1,0,0,0,0,0,0,0,0,1,1,0,0,0,4,0,0,0,1
Pussy Whipped,1,0,1,0,1,0,0,0,0,0,1,0,0,0,0,0,0,0,1,0,0,0,4,0,0,1,2,0,0,1,2,0,1,0,0,0,0,0
Junkyard,0,1,1,0,1,1,1,0,0,0,0,0,0,0,0,0,0,0,4,0,1,0,1,0,0,1,4,0,0,0,1,0,0,0,0,0,0,0
Damaged,0,0,2,0,1,0,1,0,0,0,1,0,0,0,0,0,1,0,1,0,0,1,1,0,0,1,2,0,0,1,2,0,2,0,0,0,0,0
Black Sabbath,0,0,0,0,0,1,0,0,0,1,0,1,0,0,0,0,0,0,6,0,1,0,0,0,0,1,0,0,0,1,0,0,2,0,0,0,0,1
Master of Reality,0,1,0,0,0,1,0,0,0,1,0,0,0,0,0,1,0,0,3,0,0,1,0,0,0,1,0,1,0,1,0,1,1,0,0,0,0,0
Black Sabbath Vol. 4,0,1,1,0,1,1,1,0,0,1,1,0,0,0,1,1,0,0,2,0,0,0,0,0,0,1,0,1,0,1,0,0,1,0,0,0,0,0
Sabbath Bloody Sabbath,1,0,1,0,0,1,0,0,0,0,0,0,0,0,1,0,0,0,2,0,1,0,0,0,0,1,0,0,0,1,0,1,2,0,0,0,0,0
Sabotage,0,1,2,0,0,1,1,0,0,0,0,0,0,0,1,0,0,0,1,0,1,0,0,0,0,1,0,0,0,1,1,0,1,0,1,0,0,0
Heaven and Hell,1,1,1,0,0,0,0,1,0,1,0,0,0,0,0,0,0,0,0,0,0,1,0,0,0,1,0,0,0,1,0,0,1,1,1,0,0,0
Mob Rules,1,1,1,0,0,0,0,0,0,1,0,0,0,0,0,0,0,0,1,0,0,1,0,0,0,1,0,0,0,1,0,0,1,0,1,0,0,0
Dude Ranch,1,0,1,0,1,0,0,2,1,0,0,0,1,1,0,0,0,0,0,0,0,0,3,0,0,0,0,0,0,1,0,0,1,1,0,0,0,0
Take Off Your Pants and Jacket,1,0,1,0,0,0,0,1,1,0,1,0,0,0,0,0,0,0,0,0,0,1,2,0,0,0,0,0,0,1,0,0,1,0,0,0,0,0
Blink-182,1,1,1,0,0,0,1,2,0,1,0,0,1,0,1,1,0,0,0,0,1,0,0,0,0,1,0,0,0,2,1,0,4,0,0,0,0,0
Parallel Lines,1,1,1,0,0,0,1,2,1,0,1,0,0,1,0,0,0,0,0,1,0,0,1,0,0,0,0,0,0,1,0,0,0,1,0,0,0,0
We Are the Romans,0,1,2,0,0,0,1,0,0,0,1,0,0,0,0,0,0,0,3,0,3,0,0,1,0,1,6,1,0,1,2,0,0,0,1,0,0,0
Diamond Dogs,1,0,0,0,1,1,0,0,0,0,1,0,0,0,0,0,1,0,1,0,0,1,0,0,0,0,0,0,0,0,0,0,0,1,0,0,1,0
Hunky Dory,1,0,1,0,0,2,0,1,1,0,0,0,1,1,0,0,0,0,0,0,0,0,2,0,0,0,0,0,0,0,0,0,1,1,0,0,0,0
The Rise and Fall of Ziggy Stardust and the Spiders From Mars,1,0,1,0,0,0,0,2,0,0,0,0,1,1,0,0,0,0,0,0,0,1,0,0,0,0,0,0,0,2,0,0,0,3,1,0,1,0
Station to Station,1,1,2,0,0,0,1,1,0,2,0,1,0,0,0,0,0,0,0,0,1,0,0,0,0,0,0,1,0,1,0,0,2,0,0,0,0,0
Low,1,1,0,0,0,1,1,1,0,1,0,2,1,1,0,1,1,0,1,0,1,0,0,0,1,0,0,0,0,0,0,2,3,0,0,0,1,0
"""Heroes""",0,0,0,0,0,1,1,0,0,2,0,1,0,0,1,1,0,0,0,0,3,0,0,0,0,0,0,1,0,1,0,1,0,0,0,0,1,0
Lodger,1,1,1,0,0,1,1,0,0,0,0,1,0,1,1,0,0,0,0,0,1,0,0,0,0,0,0,0,0,0,0,0,0,1,0,0,0,0
Scary Monsters (And Super Creeps),1,1,1,0,1,1,1,0,0,1,0,0,0,1,1,0,0,0,1,0,1,0,0,0,0,0,0,0,0,1,0,0,1,1,0,0,1,0
Life's a Riot With Spy vs. Spy,1,0,0,0,1,0,0,1,0,0,1,0,1,0,0,0,0,0,0,1,0,1,1,0,0,0,0,0,0,1,0,0,1,0,0,1,0,0
The Ascension,0,1,0,0,1,0,1,0,0,1,0,0,0,0,0,0,0,0,3,0,4,0,0,0,0,0,6,1,0,0,0,1,0,0,1,1,0,0
Your Favorite Weapon,1,0,1,0,0,0,1,0,1,0,1,0,0,0,0,0,1,0,0,0,0,1,1,0,0,1,0,0,0,2,2,0,3,0,0,0,0,0
Construção,1,1,0,0,0,1,1,2,1,0,0,0,1,0,0,0,1,0,1,0,1,0,1,1,0,0,0,0,0,1,0,0,2,0,0,0,0,1
Perfect From Now On,1,0,0,0,0,1,1,2,2,0,0,1,1,0,0,1,0,0,0,0,2,1,1,0,0,0,0,1,0,2,0,2,3,0,1,0,0,0
The Kick Inside,1,0,0,0,0,1,0,0,1,0,0,1,1,0,1,0,0,1,0,2,2,0,0,0,1,0,0,0,0,2,0,1,0,3,0,0,0,0
Never for Ever,1,0,0,0,0,1,0,1,1,0,0,0,1,1,1,1,0,0,1,2,1,0,0,0,0,0,0,0,0,1,0,1,1,1,0,0,0,0
The Dreaming,1,0,2,0,0,2,1,0,0,1,0,0,1,1,1,1,0,0,1,0,3,0,0,0,0,0,2,1,0,2,0,1,0,1,0,0,0,0
Mr. Tambourine Man,1,0,0,0,0,1,0,2,1,0,0,0,0,0,0,0,0,1,0,1,0,0,0,0,3,0,0,0,0,1,0,0,0,0,0,0,0,1
Fifth Dimension,1,0,0,0,0,1,0,1,0,0,0,0,0,0,0,1,0,1,0,0,0,0,0,0,3,0,0,0,0,0,0,1,1,1,0,0,0,1
Mirage,1,0,1,0,0,1,0,0,1,0,0,0,0,0,1,1,0,0,0,0,3,0,0,0,1,0,0,0,0,1,0,0,0,2,1,0,0,1
Monster Movie,0,1,1,0,1,2,1,0,0,0,0,1,0,1,0,0,0,0,0,0,2,0,0,0,0,0,2,0,0,0,0,1,0,0,0,1,0,0
On Land and in the Sea,1,0,2,0,0,2,1,0,0,0,0,0,0,1,1,0,0,0,1,0,3,1,2,0,0,0,0,0,0,1,0,0,0,1,1,0,0,0
"Carlos, Erasmo...",1,1,0,0,0,2,0,0,1,0,0,0,1,0,1,0,1,0,0,2,0,0,0,0,0,0,0,0,0,1,0,0,0,1,0,0,0,1
The Cars,1,1,1,0,0,0,0,1,1,1,0,0,0,1,0,0,0,0,0,1,0,1,0,0,0,0,0,0,0,2,0,0,0,2,0,0,0,0
Twin Fantasy,1,0,0,0,2,0,1,2,1,0,0,0,1,0,0,0,0,0,0,0,1,1,0,0,0,0,2,0,0,2,0,0,5,0,0,0,0,0
Cartola,1,1,0,0,0,0,0,1,1,0,0,0,1,0,0,0,0,0,0,1,0,0,0,0,1,0,0,0,1,1,0,0,2,0,0,0,0,0
Cartola,1,1,0,0,1,1,0,2,0,0,0,0,1,0,0,0,0,0,0,1,0,0,0,0,1,0,0,0,1,1,0,0,5,0,0,0,0,0
The Good Son,1,0,0,0,0,1,0,2,0,1,0,0,1,0,0,0,0,0,1,1,0,0,0,1,0,0,0,0,0,1,0,1,3,0,0,0,0,0
Tender Prey,0,0,1,0,2,0,1,0,0,1,0,1,1,0,1,1,0,0,1,0,0,0,0,0,0,0,0,0,0,1,0,0,4,0,0,0,0,0
Let Love In,0,0,1,0,1,0,1,1,0,2,0,1,1,0,1,1,0,0,2,1,0,0,1,0,0,0,2,0,0,1,0,1,1,0,0,0,0,0
Script of the Bridge,1,1,0,0,0,2,1,1,0,3,0,1,1,0,0,1,1,0,1,0,0,0,0,0,0,0,0,1,0,1,0,1,4,0,0,0,0,0
What Does Anything Mean? Basically,1,0,1,0,0,3,1,1,0,2,0,0,1,0,0,1,0,0,0,0,0,0,0,0,0,0,0,0,0,1,0,1,2,0,0,0,0,0
Strange Times,1,0,0,0,0,2,0,1,0,3,0,0,0,0,0,1,0,0,1,0,0,0,0,0,0,0,0,0,0,1,0,1,3,0,0,0,0,0
Whirlpool,1,1,1,0,0,3,0,1,1,0,0,0,0,0,0,1,0,0,0,1,0,0,0,0,0,0,2,1,0,0,0,2,1,0,0,1,0,0
No Gods / No Managers,1,1,2,0,1,0,1,0,0,0,1,0,0,0,0,0,1,0,1,0,1,1,2,0,0,1,2,0,0,0,2,0,2,1,0,0,0,0
Half Machine Lip Moves,0,1,2,0,2,2,1,0,0,1,0,1,0,0,0,1,0,0,1,0,1,0,0,0,0,0,6,1,0,0,0,0,0,1,0,0,2,0
Canções de apartamento,1,0,0,0,0,1,0,1,1,0,0,0,0,0,0,0,0,0,0,1,0,0,0,0,4,0,0,0,0,1,0,1,2,1,0,0,0,0
The Clash,1,1,1,0,1,0,0,0,0,0,1,0,0,0,0,0,1,0,0,0,0,1,0,0,0,0,0,0,0,1,2,0,0,0,0,0,0,0
London Calling,1,1,1,0,0,0,0,0,0,0,1,0,0,1,1,0,1,0,0,0,0,1,0,0,0,0,0,0,0,1,0,0,0,2,0,0,0,0
Head Over Heels,0,1,0,0,0,2,0,0,0,2,0,2,0,0,0,1,0,0,2,0,0,0,0,0,0,0,0,1,0,1,0,2,1,0,0,0,0,1
Buy,0,1,2,0,1,0,1,0,0,0,1,0,0,1,0,0,1,0,0,0,1,0,1,0,0,0,4,0,0,0,1,0,1,1,0,0,0,0
No New York,0,1,1,0,2,0,1,0,0,0,1,0,0,1,0,0,1,0,1,0,2,0,0,0,0,0,6,0,0,0,2,0,1,0,0,0,0,0
Gal Costa,1,1,0,0,0,2,0,1,2,0,1,0,0,0,0,0,0,0,0,1,1,0,0,0,4,0,0,0,0,1,0,1,0,3,0,0,0,1
My Aim Is True,1,0,1,0,1,0,1,1,0,0,1,0,0,1,0,0,0,0,0,0,0,0,2,0,0,0,0,0,0,1,1,0,0,1,0,0,0,0
Armed Forces,1,1,1,1,0,0,1,0,1,0,0,0,0,0,0,0,0,0,0,0,0,0,2,0,0,0,0,0,0,1,0,0,1,0,0,0,0,0
Get Happy!!,1,1,1,0,1,0,1,1,1,0,0,0,0,0,1,0,0,0,0,0,0,0,1,0,0,0,0,0,0,0,0,0,0,0,0,0,0,0
Imperial Bedroom,1,0,1,0,0,2,0,1,1,0,0,1,0,0,1,0,0,0,0,0,0,0,0,0,0,0,0,0,0,1,0,0,2,0,0,0,0,0
Songs the Lord Taught Us,0,1,2,0,2,0,0,0,0,1,1,0,0,1,0,0,0,0,1,0,0,0,1,0,0,0,2,0,0,0,0,0,0,1,0,0,0,0
Psychedelic Jungle,0,1,2,0,1,2,0,0,0,1,0,0,0,1,0,0,0,0,0,0,0,0,2,0,0,0,0,0,0,0,0,1,0,1,0,1,0,0
Stations of the Crass,0,0,2,0,2,0,0,0,0,0,1,0,0,0,0,0,0,0,0,0,0,0,1,1,0,1,4,0,0,1,2,0,0,0,0,0,0,0
Penis Envy,0,1,2,0,1,0,0,0,0,0,0,0,0,0,1,0,0,0,0,0,0,0,2,1,0,0,2,1,0,1,2,0,1,0,0,0,0,0
Three Imaginary Boys,0,1,1,1,1,0,1,0,0,2,1,0,0,1,0,1,0,0,1,0,0,0,0,0,0,0,0,0,0,0,0,0,1,1,0,1,0,0
Faith,1,0,0,1,0,1,1,0,0,3,0,0,0,0,0,1,0,0,2,0,0,0,0,1,0,0,0,0,0,0,0,2,5,0,0,1,0,0
Pornography,0,1,0,0,0,2,1,0,0,2,0,1,1,0,0,1,0,0,5,0,0,0,0,1,0,0,0,1,0,1,1,1,6,0,0,0,0,0
The Head on the Door,1,0,0,0,0,2,1,1,0,1,0,0,0,0,1,1,0,0,0,1,0,0,0,0,0,0,0,0,0,1,0,1,2,1,0,0,0,0
Disintegration,1,0,0,0,0,1,1,2,0,2,0,1,1,0,0,1,0,0,1,1,0,0,0,1,0,0,0,0,0,2,0,2,5,0,0,0,0,2
Fresh Fruit for Rotting Vegetables,0,0,2,0,2,0,0,0,0,0,1,0,0,0,0,0,0,0,0,0,0,0,3,0,0,0,2,0,0,1,2,0,1,1,0,0,0,0
Plastic Surgery Disasters,0,0,2,0,2,0,1,0,0,0,1,0,0,0,0,0,0,0,0,0,1,0,3,0,0,1,4,0,0,1,2,0,1,0,0,0,0,0
Frankenchrist,0,0,1,0,1,0,1,0,0,0,1,0,1,1,0,0,0,0,2,0,0,0,3,0,0,0,2,0,0,0,1,0,1,0,0,0,0,0
2,1,0,0,1,1,1,0,1,2,0,0,0,0,1,0,0,0,0,0,1,0,0,0,0,3,0,0,0,0,1,0,0,0,1,0,0,0,0
Salad Days,1,0,0,1,0,2,0,2,2,0,0,0,0,1,0,0,0,0,0,0,0,0,0,0,4,0,0,0,0,1,0,0,2,1,0,0,0,0
Milo Goes to College,1,0,1,0,1,0,1,1,1,0,1,0,0,1,0,0,0,0,0,0,0,0,3,0,0,0,0,0,0,1,2,0,0,1,0,0,0,0
Q: Are We Not Men? A: We Are Devo!,0,1,2,0,0,1,1,0,0,0,1,1,0,1,0,0,0,0,0,0,1,0,3,0,0,0,0,0,0,0,0,0,1,1,0,1,1,0
Dire Straits,0,1,0,0,0,0,0,1,1,0,0,0,1,0,0,1,1,0,0,0,1,0,0,0,2,0,0,0,0,0,0,0,0,1,0,0,0,0
Bitte Orca,1,1,1,0,0,1,0,1,2,0,0,0,0,1,0,0,0,0,0,0,3,0,0,0,1,0,0,0,0,0,0,0,0,2,0,0,0,0
Swing Lo Magellan,0,1,1,0,0,0,0,0,1,0,0,0,1,1,1,0,0,0,0,0,2,0,0,0,0,0,0,0,0,0,0,0,0,2,0,0,0,1
Hear Nothing See Nothing Say Nothing,0,1,1,0,1,0,0,0,0,0,1,0,0,0,0,0,0,0,2,0,0,0,0,1,0,1,2,0,0,1,2,0,1,0,0,1,0,0
...Esas mutancias,0,1,2,0,0,0,0,1,0,1,0,1,0,0,0,0,1,0,2,0,0,0,0,0,0,0,4,0,0,0,0,0,1,0,0,1,0,0
The Doors,0,0,0,0,0,2,0,0,0,1,0,2,1,0,0,1,0,0,1,0,0,0,0,0,0,0,0,0,0,1,0,1,2,0,0,0,0,0
Waiting for the Sun,1,0,0,0,0,2,0,1,1,0,0,1,1,0,1,0,0,0,0,1,0,0,0,0,0,0,0,0,0,1,0,0,0,1,0,0,0,2
Morrison Hotel,1,0,1,0,1,1,0,0,1,0,0,0,1,0,0,0,1,0,0,0,0,0,0,0,0,0,0,0,0,1,0,0,0,1,0,0,0,0
L.A. Woman,0,1,0,0,1,1,0,0,2,1,0,2,1,0,0,0,1,0,1,0,0,0,0,0,0,0,0,0,0,0,0,0,1,0,0,0,0,0
Five Leaves Left,1,0,0,0,0,1,0,1,1,0,0,0,1,0,0,0,0,1,0,0,1,0,0,0,5,0,0,0,1,1,0,0,3,0,0,0,0,1
LC,1,0,0,1,0,2,0,0,0,0,0,1,0,0,0,1,0,1,0,0,1,0,0,0,6,0,0,0,0,0,0,2,1,0,0,2,0,1
The Freewheelin' Bob Dylan,1,0,0,0,0,0,0,1,1,0,0,0,1,0,0,0,0,0,0,0,0,0,1,0,1,0,0,0,1,1,0,0,1,1,0,0,0,1
The Times They Are A-Changin',0,0,0,0,1,0,0,1,0,1,0,0,1,0,0,0,0,0,0,0,0,0,0,1,0,0,0,0,1,0,1,0,2,0,0,2,0,0
Bringing It All Back Home,1,0,0,0,0,1,0,0,1,0,1,1,1,1,0,0,0,0,0,0,0,0,3,0,0,0,0,0,0,0,0,0,0,1,0,0,0,0
Highway 61 Revisited,0,1,0,0,1,1,0,1,0,0,1,1,1,0,0,0,1,0,0,0,0,0,3,0,0,0,0,0,0,1,0,0,1,1,0,0,0,0
Blonde on Blonde,1,0,0,0,0,1,0,2,0,0,0,1,1,1,1,0,0,0,0,1,0,0,1,0,0,0,0,0,0,2,0,0,1,1,0,0,0,1
Blood on the Tracks,1,0,0,0,0,0,0,2,1,0,0,0,1,0,0,0,0,0,0,0,0,0,0,0,1,0,0,0,1,2,0,0,2,0,0,0,0,1
Ocean Rain,1,0,0,0,0,2,0,2,1,1,0,0,1,0,0,1,0,0,1,1,0,0,0,0,0,0,0,0,0,1,0,0,2,0,0,0,0,3
Crocodiles,0,1,1,0,0,1,1,1,0,1,0,1,0,0,0,1,0,0,0,0,0,0,0,0,0,0,0,0,0,1,0,0,2,0,0,0,0,1
Heaven Up Here,0,1,1,0,0,1,1,1,0,2,0,0,0,0,0,1,0,0,2,0,1,0,0,1,0,0,0,1,0,1,0,1,4,0,0,0,0,0
Beautiful Freak,1,0,0,0,0,0,0,1,0,0,0,0,1,1,1,0,0,0,2,0,0,0,1,0,1,0,0,0,0,0,0,0,5,0,0,0,0,0
The Power Out,0,1,1,0,0,1,0,0,0,1,0,1,1,1,1,0,0,0,0,0,1,0,0,0,0,0,0,0,0,1,0,1,0,0,0,1,0,0
Scrabbling at the Lock,0,1,1,0,1,0,1,0,0,2,0,0,1,1,1,0,0,0,1,0,0,0,0,0,0,0,6,0,0,0,1,0,1,0,0,1,0,0
Live at the Witch Trials,0,1,1,0,2,0,1,0,0,0,1,0,0,1,0,0,1,0,1,0,0,0,3,0,0,0,2,0,0,0,1,0,0,1,0,1,0,0
Grotesque: After the Gramme,0,0,2,0,2,1,0,0,0,0,1,1,1,0,0,0,1,0,0,0,1,0,3,0,0,0,2,0,0,0,1,0,0,0,0,1,0,0
Hex Enduction Hour,0,1,2,0,2,2,0,0,0,2,1,1,0,0,0,1,0,0,0,0,1,0,2,0,0,0,6,1,0,0,0,1,0,0,0,1,0,0
Perverted by Language,0,1,2,0,2,1,1,0,0,0,0,2,0,0,1,0,1,0,0,0,1,0,3,0,0,0,4,0,0,0,0,0,0,0,0,1,0,0
The Wonderful and Frightening World of The Fall,0,0,1,0,1,2,0,0,0,0,0,1,0,1,0,0,0,0,0,0,0,0,2,0,0,0,0,1,0,0,0,0,0,1,0,1,0,0
This Nation's Saving Grace,0,1,1,2,0,0,0,0,0,0,0,1,0,1,0,0,1,0,0,0,0,0,2,0,0,0,4,0,0,0,0,0,0,1,0,1,0,0
Crazy Rhythms,1,1,2,0,0,0,1,0,0,0,0,0,0,1,0,0,0,0,0,0,0,0,0,0,0,0,0,0,0,0,0,1,1,1,0,3,0,0
Fleet Foxes,1,0,0,0,0,1,0,1,1,0,0,0,1,0,0,0,0,1,0,1,0,0,0,0,1,0,0,0,1,1,0,1,1,1,0,0,0,4
Helplessness Blues,1,0,0,0,0,1,0,2,1,0,0,0,1,0,0,1,0,1,0,1,1,0,0,0,1,0,0,1,1,2,0,1,1,1,0,0,0,2
Rumours,1,0,0,0,0,1,0,2,1,0,0,0,1,0,1,0,0,0,0,0,0,1,0,0,2,0,0,0,0,1,0,0,1,1,0,0,0,0
Album: Generic Flipper,0,0,1,2,1,0,1,0,0,0,0,0,0,0,0,0,0,0,1,0,2,0,1,0,0,1,4,0,0,0,2,0,2,0,0,1,0,0
Foo Fighters,1,1,1,0,1,0,0,1,1,0,0,1,0,0,0,0,0,0,0,0,0,0,0,0,0,1,2,1,0,1,1,0,0,1,0,1,0,0
Little Electric Chicken Heart,1,1,1,0,0,2,0,1,2,0,0,1,0,1,0,0,0,0,0,0,0,0,1,0,2,0,0,0,0,1,0,0,0,3,0,0,0,1
Franz Ferdinand,1,1,1,0,0,0,0,0,0,1,0,0,0,1,0,0,2,0,0,0,0,1,0,0,0,0,0,0,0,1,0,0,0,1,0,0,0,0
Maggot Brain,1,1,0,0,1,2,0,0,1,1,0,0,0,1,0,0,0,0,2,0,0,0,1,0,0,1,0,0,0,1,0,2,0,2,1,0,0,0
Entertainment!,0,1,1,0,1,0,1,0,0,0,1,0,1,0,0,0,1,0,0,0,0,0,2,0,0,0,0,0,0,0,0,0,1,1,0,1,0,0
Piano Bar,1,1,1,0,0,0,1,1,0,1,0,0,0,1,0,0,1,0,0,0,0,1,1,0,0,0,0,0,0,1,0,0,2,1,0,0,0,0
The '59 Sound,1,0,1,0,0,0,0,1,1,1,0,0,0,0,0,0,0,0,0,1,0,1,0,0,0,0,0,0,0,2,0,0,1,0,0,0,0,0
The Astrud Gilberto Album,1,1,0,0,0,1,0,2,1,0,0,0,0,0,0,0,0,0,0,1,0,0,0,0,3,0,0,0,0,1,0,0,1,0,0,0,0,1
Chega de saudade,1,1,0,0,0,0,0,2,2,0,0,0,0,0,0,0,0,0,0,1,0,0,0,0,4,0,0,0,1,0,0,0,0,1,0,0,0,1
João Gilberto,1,0,0,0,0,0,0,1,2,0,0,0,1,0,0,1,0,0,0,0,0,0,0,0,6,0,0,0,1,0,0,1,0,2,0,2,0,1
Amoroso,0,1,0,0,0,1,0,1,1,1,0,0,1,0,0,0,0,0,0,1,0,0,0,0,4,0,0,0,0,0,0,0,0,1,0,0,0,1
Gorillaz,1,1,0,0,0,1,1,1,0,0,0,1,0,1,1,1,1,0,1,0,0,0,1,0,1,0,0,0,0,0,0,1,2,1,0,0,0,0
Demon Days,0,1,0,0,0,0,1,0,0,1,0,2,0,1,1,1,1,0,2,0,0,0,0,0,1,0,0,0,0,0,0,0,3,1,0,0,0,1
Kerplunk,1,0,1,0,1,0,1,2,1,0,1,0,0,0,0,0,0,0,0,0,0,0,0,0,0,0,0,0,0,1,0,0,0,1,0,0,0,0
Dookie,1,1,1,1,0,0,1,2,1,0,1,0,0,0,0,0,0,0,0,0,0,1,2,0,0,0,0,0,0,0,0,0,0,1,0,0,0,0
nimrod.,1,0,1,0,0,0,1,1,0,0,1,0,0,0,1,0,0,0,0,0,0,1,1,0,0,0,0,0,0,1,0,0,0,1,0,0,0,0
American Idiot,1,1,1,0,0,0,0,1,0,0,1,0,0,0,0,0,1,0,0,1,0,1,0,0,0,0,0,0,0,1,1,0,0,0,0,0,0,0
Miami,1,1,1,0,1,0,1,0,2,0,0,0,1,0,0,1,0,1,1,1,0,0,0,0,0,0,0,0,0,2,0,0,2,0,0,0,0,1
Head Hunters,0,1,1,0,0,1,0,0,1,0,0,0,0,1,0,0,0,0,0,0,1,0,0,0,1,0,0,0,0,0,0,1,0,3,0,0,0,1
All Things Must Pass,1,0,0,0,0,2,0,2,1,0,0,0,1,0,1,0,0,1,0,0,0,0,0,0,1,0,0,1,0,2,0,2,0,2,0,0,0,2
Blank Generation,1,0,2,0,1,0,0,0,0,1,1,0,0,1,0,0,0,0,0,0,1,0,2,0,0,0,0,0,0,0,0,0,0,1,0,0,0,0
Are You Experienced?,1,1,2,0,1,2,0,0,1,0,0,0,0,0,0,0,0,0,0,0,1,1,0,0,0,1,0,1,0,1,0,1,0,1,0,0,0,0
Electric Ladyland,1,0,1,0,1,2,0,0,2,0,0,0,1,0,1,1,0,0,1,1,3,0,0,0,1,1,0,1,0,1,0,2,0,0,0,0,0,1
Teenage Snuff Film,1,1,0,2,1,1,0,1,0,1,0,0,1,0,0,1,0,0,1,1,0,0,0,0,0,0,0,0,0,1,0,0,3,0,0,0,0,0
Zen Arcade,1,0,2,0,1,1,1,0,0,0,1,0,0,0,1,0,1,0,0,0,1,0,0,0,0,0,4,0,0,1,2,0,4,0,1,0,0,0
Raw Power,0,1,2,0,2,0,0,0,0,0,1,0,0,0,0,0,0,0,0,0,0,0,1,0,0,1,4,1,0,1,2,0,0,0,0,0,0,0
Turn on the Bright Lights,1,1,0,0,0,1,1,2,0,2,0,1,0,0,0,1,1,0,1,1,0,0,0,0,0,0,0,0,0,1,0,1,4,0,0,0,0,0
All Mod Cons,1,1,1,0,0,0,0,0,0,0,1,0,0,0,0,0,1,0,0,0,0,0,1,0,0,0,0,0,0,1,1,0,0,1,0,0,0,0
Surrealistic Pillow,1,0,0,0,0,2,0,0,1,0,0,1,0,0,0,1,0,0,0,1,0,0,0,0,2,0,0,0,0,0,0,1,0,1,0,0,0,0
Psychocandy,1,0,0,3,2,1,0,0,1,0,1,0,0,0,0,1,0,0,0,1,0,0,0,0,0,1,4,1,0,0,0,2,2,0,0,0,0,0
Aqualung,1,1,1,0,0,0,0,0,0,0,0,0,1,0,0,0,0,0,0,0,2,0,1,0,0,0,0,0,0,0,0,1,0,1,1,0,0,0
Kylmälle maalle,1,0,1,0,1,0,1,0,0,1,1,0,0,0,1,0,1,0,0,0,1,1,1,0,0,1,0,0,0,0,0,0,0,0,0,0,0,0
Wave,1,1,0,0,0,1,0,0,2,0,0,0,0,0,0,0,0,0,0,0,0,0,0,0,6,0,0,0,1,1,0,1,0,0,0,0,0,1
Stone Flower,1,0,0,0,0,1,0,1,2,1,0,0,1,0,0,1,0,0,0,1,0,0,0,0,5,0,0,0,0,0,0,0,1,0,0,0,0,1
Unknown Pleasures,0,1,0,1,0,0,1,0,0,3,0,2,1,0,0,1,0,0,2,0,0,0,0,1,0,0,0,0,0,0,0,1,6,0,0,0,0,0
Closer,0,1,0,0,0,0,1,0,0,3,0,2,1,0,0,1,0,0,4,0,0,0,0,1,0,0,0,0,0,0,0,0,6,0,0,0,0,0
Ompa til du dør,1,1,2,0,1,0,0,0,0,0,0,0,0,1,0,0,0,0,0,0,0,1,0,0,0,0,2,0,0,1,0,0,1,0,0,0,0,0
Killing Joke,0,1,1,0,1,0,1,0,0,1,0,0,0,0,0,1,1,0,3,0,0,0,0,1,0,1,2,0,0,0,2,0,1,0,0,1,0,0
Night Time,0,1,1,0,0,0,1,0,0,2,1,0,0,0,0,1,0,0,1,0,0,0,0,0,0,0,0,0,0,1,1,1,2,0,0,1,0,0
In the Court of the Crimson King,0,0,0,0,0,2,1,0,0,0,0,0,1,0,0,1,0,0,1,0,4,0,0,0,0,0,0,1,0,1,0,0,2,0,1,0,0,0
Islands,1,0,0,0,0,1,0,0,0,1,0,1,1,0,1,1,0,1,0,1,2,0,0,0,1,0,0,0,0,0,0,1,0,0,0,0,0,0
Larks' Tongues in Aspic,0,1,0,0,0,1,1,0,0,0,0,1,1,1,1,1,0,0,0,0,5,0,0,0,0,1,4,1,0,0,0,0,0,1,1,0,0,0
Red,0,1,1,0,0,1,1,0,0,1,0,1,1,0,0,1,0,0,3,0,4,0,0,0,0,1,0,1,0,1,0,1,0,0,1,0,0,0
Discipline,0,1,2,0,0,2,1,0,0,0,0,1,0,1,1,0,0,0,0,0,5,0,1,0,0,0,0,0,0,0,0,1,0,1,0,0,1,0
The Power to Believe,0,0,0,0,0,0,1,0,0,0,0,1,0,0,0,1,0,0,1,0,3,0,0,0,0,1,2,1,0,1,0,0,1,0,0,0,1,0
Take Me to Your Leader,1,1,1,0,1,2,0,1,0,0,1,1,0,1,1,1,1,0,1,0,2,0,1,0,1,0,0,1,0,0,0,2,0,1,0,0,1,0
12 Bar Bruise,0,0,2,0,2,1,0,0,2,0,1,0,0,0,0,0,0,0,0,0,0,1,0,0,0,0,2,0,0,0,0,1,0,1,0,0,0,0
Float Along - Fill Your Lungs,1,0,1,0,2,2,0,0,2,0,0,0,0,1,1,0,0,0,0,0,1,0,0,0,1,0,2,1,0,0,0,1,0,2,0,1,0,0
Oddments,1,0,1,0,2,2,0,0,0,0,0,0,0,1,1,0,0,0,0,0,0,0,1,0,1,0,2,0,0,0,0,0,0,1,0,0,0,0
Gumboot Soup,1,1,0,0,0,3,0,0,2,0,0,0,0,1,1,0,0,0,0,0,2,0,0,0,1,0,0,0,0,0,0,1,0,1,0,0,0,0
Eyes Like the Sky,0,1,0,0,2,1,0,0,1,0,0,0,0,0,0,1,0,0,1,0,0,0,0,0,0,0,0,0,0,0,0,1,0,0,1,1,0,1
Nonagon Infinity,0,1,1,0,2,2,0,0,1,0,0,1,0,1,0,0,0,0,1,0,2,0,0,0,0,1,4,1,0,0,1,1,0,1,1,1,0,1
Sketches of Brunswick East,1,0,0,0,0,2,0,0,2,0,0,0,0,1,0,0,1,0,0,0,1,0,0,0,3,0,0,0,0,0,0,1,0,1,0,0,0,0
Paper Mâché Dream Balloon,1,0,0,0,0,2,1,1,2,0,0,0,0,1,0,0,0,0,0,0,0,0,1,0,2,0,0,0,1,0,0,0,0,3,0,0,0,0
Changes,1,1,1,0,0,3,0,1,1,0,0,1,0,1,1,0,0,0,0,0,2,0,0,0,1,0,0,1,0,0,0,1,0,2,0,0,0,0
Quarters!,0,0,0,0,1,2,0,0,2,0,0,0,0,0,1,1,0,0,0,0,1,0,0,0,3,0,0,0,0,0,0,1,0,1,0,0,0,3
The Silver Cord,1,1,1,0,0,3,0,0,0,0,0,0,1,1,1,1,0,0,2,0,1,0,0,0,0,0,0,1,0,0,0,2,0,0,1,1,2,0
I'm in Your Mind Fuzz,1,1,1,0,2,2,0,0,0,0,0,1,0,1,1,0,0,0,0,0,1,0,0,0,0,0,2,1,0,0,0,1,0,2,1,1,0,0
K.G.,1,1,1,0,0,2,1,0,1,0,0,0,0,1,1,0,0,0,0,0,2,0,0,0,0,0,2,0,0,0,0,1,0,0,0,1,0,1
Infest the Rats' Nest,0,1,2,0,1,1,0,0,1,0,0,0,0,0,0,0,0,0,2,0,0,0,0,0,0,1,2,1,0,0,1,0,1,0,1,0,2,0
L.W.,0,1,1,0,0,2,1,0,1,0,0,0,0,1,1,0,0,0,0,0,2,0,0,0,0,1,2,0,0,0,0,1,0,0,0,1,0,1
Dummy,1,1,0,0,0,1,1,1,0,2,0,1,0,0,0,1,1,0,1,2,0,0,0,1,1,0,0,0,0,1,0,0,5,0,0,1,0,0
Atom Heart Mother,1,0,0,0,0,3,0,0,2,0,0,0,1,0,0,1,0,1,0,0,2,0,0,0,3,0,0,0,0,0,0,0,0,1,0,0,0,0
Pinkerton,1,0,1,0,1,0,1,2,0,1,0,0,0,1,0,0,0,0,0,0,0,1,2,0,0,1,2,0,0,2,1,0,5,0,0,0,0,1
154,0,0,0,0,0,1,1,0,0,1,0,2,0,0,1,1,0,0,3,0,2,0,0,0,0,0,0,1,0,0,0,1,1,0,0,1,1,0
Sackcloth 'n' Ashes,0,0,0,0,0,0,1,0,0,0,0,1,1,0,0,0,0,1,3,0,0,0,0,0,0,0,0,0,0,1,0,1,2,0,0,0,0,1
Here Are The Sonics!!!,0,1,2,0,2,0,0,0,0,1,1,0,0,0,0,0,0,0,1,0,0,0,1,0,0,1,2,0,0,1,0,0,0,1,0,0,0,0
Weezer [Blue Album],1,0,1,0,0,0,1,2,1,0,0,0,0,1,0,0,0,0,0,0,0,1,0,0,0,1,0,0,0,2,0,0,2,2,0,0,0,0
Speaking in Tongues,0,1,1,0,0,0,1,0,1,0,0,0,0,1,0,0,2,0,0,0,0,1,1,0,0,0,0,0,0,0,0,0,0,1,0,1,0,0
The Stooges,0,1,1,2,1,1,0,0,0,0,1,0,0,0,0,0,0,0,0,0,0,0,0,0,0,1,2,0,0,0,1,0,0,0,0,0,0,0
Houses of the Holy,1,1,1,0,0,1,0,1,0,0,0,0,0,0,1,0,0,0,0,0,1,0,0,0,0,0,0,0,0,1,0,0,0,0,0,0,0,1
"Power, Corruption & Lies",1,1,1,0,0,0,1,1,1,0,0,0,1,0,0,1,0,0,0,1,0,0,0,0,0,0,0,0,0,2,0,0,1,0,0,0,0,0
Architecture & Morality,1,0,0,0,0,1,0,2,0,3,0,0,0,0,1,1,1,0,1,0,0,1,0,0,2,0,0,0,0,1,0,1,3,0,0,0,0,0
Is This It,1,1,1,2,2,0,0,1,1,0,1,0,0,0,0,0,1,0,0,0,0,0,0,0,0,0,0,0,0,1,0,0,0,1,0,0,0,0
Tommy,1,0,1,0,0,1,0,0,0,0,0,0,0,1,0,1,0,0,2,0,1,1,0,0,0,0,0,0,0,1,0,1,1,1,1,0,0,0
Weird Love,0,1,1,0,1,0,1,0,0,0,1,0,0,0,0,0,0,0,1,0,0,0,0,0,0,1,2,0,0,0,1,0,0,0,0,1,0,0
The Kinks Are the Village Green Preservation Society,1,0,0,0,0,2,0,2,2,0,0,0,1,1,0,0,0,1,0,1,0,0,0,0,1,0,0,0,0,1,0,0,0,1,0,0,0,0
Carrie & Lowell,1,0,0,0,1,1,0,2,0,1,0,0,1,0,0,1,0,0,0,0,0,0,0,0,5,0,0,0,1,1,0,0,6,0,0,2,0,1
Los Angeles,1,1,1,0,1,0,1,0,0,0,0,0,0,0,0,0,1,0,1,0,0,1,2,0,0,0,0,0,0,0,0,0,0,1,0,1,0,0
Odessey and Oracle,1,0,0,0,0,2,0,2,2,0,0,0,1,0,0,0,0,1,0,1,1,0,0,0,3,0,0,0,0,1,0,1,2,0,0,0,0,2
Avalon,1,0,0,0,0,1,0,2,0,1,0,0,0,0,0,1,0,0,0,2,0,0,0,0,2,0,0,0,0,2,0,1,1,0,0,0,0,0
Ladies and Gentlemen We Are Floating in Space,1,0,0,0,0,2,0,2,1,0,0,0,1,0,1,1,0,0,0,1,1,0,0,0,2,0,2,1,0,1,0,3,5,0,1,0,1,0
Death Church,0,0,2,0,1,0,1,0,0,0,1,0,0,0,0,0,0,0,2,0,0,0,1,0,0,0,2,0,0,1,2,0,0,0,0,0,0,0
Juju,0,1,1,0,1,2,1,0,0,2,0,2,0,0,0,1,0,0,2,0,0,0,0,0,0,0,0,0,0,1,0,0,1,1,0,0,0,0
Sound of Silver,0,1,1,0,0,0,1,1,0,0,0,0,0,1,1,0,2,0,0,0,0,1,1,0,0,0,0,0,0,1,0,1,0,1,0,1,0,0
Arthur or the Decline and Fall of the British Empire,1,0,0,0,0,0,0,1,1,0,0,0,1,1,1,0,0,0,0,0,1,0,2,0,0,0,0,0,0,0,0,0,0,1,0,0,0,0
Transa,1,1,0,0,0,0,0,1,1,0,0,0,1,0,0,1,0,0,0,0,1,0,0,0,0,0,0,0,0,1,0,1,2,0,0,1,0,1
Secos & Molhados,1,0,0,0,0,1,0,1,1,1,1,0,1,1,0,0,1,0,0,0,1,0,0,0,0,0,0,0,0,0,0,0,0,1,0,0,0,1
Los ángeles,0,0,0,1,0,0,1,1,0,1,0,0,1,0,0,0,0,0,3,0,2,0,0,0,0,0,0,0,1,1,0,0,5,0,0,0,0,0
Swim and Sleep (Like a Shark) / Waves of Confidence,1,0,0,0,1,1,1,1,1,1,0,0,0,0,0,0,0,0,0,0,0,0,0,0,1,0,0,0,0,1,0,1,4,0,0,0,0,0
Absolutely Free,0,0,2,0,0,2,0,0,0,0,1,0,0,1,0,0,0,0,0,0,4,0,3,0,0,0,2,1,0,0,0,0,1,1,0,0,0,0
Passo Torto,1,0,0,0,0,1,0,0,0,1,0,0,0,0,1,1,1,0,1,0,1,0,0,0,1,0,0,0,1,0,0,1,1,0,0,2,0,0
The Great Annihilator,0,1,0,0,0,2,0,0,0,2,0,1,1,0,1,1,0,0,4,0,1,0,0,0,0,1,2,1,0,1,0,2,5,0,0,1,0,0
Black Sea,1,1,2,0,0,2,1,0,0,0,1,0,0,1,1,1,0,0,0,0,0,0,2,0,0,0,0,1,0,0,1,1,0,1,0,0,1,0
Youth of America,1,0,1,0,2,1,1,0,0,1,1,0,0,0,0,1,1,0,2,0,0,0,0,1,0,0,2,0,0,1,1,0,2,0,0,0,0,0
WORRY.,1,0,2,0,1,0,1,2,1,0,1,0,0,0,0,0,0,0,0,0,0,1,1,0,0,0,0,1,0,2,1,0,2,3,0,0,0,0
The Velvet Underground,1,0,0,1,1,0,0,2,0,1,0,0,1,0,0,1,0,0,0,0,0,0,0,0,5,0,0,0,0,1,0,2,3,0,0,0,0,1
LCD Soundsystem,0,1,1,0,1,0,0,0,1,1,0,0,0,1,1,0,2,0,0,0,0,1,3,0,0,0,2,1,0,1,0,0,0,1,0,1,0,0
Beggars Banquet,1,0,1,0,1,0,0,0,1,0,1,0,0,0,1,0,1,1,0,0,0,0,0,0,0,0,0,0,1,1,0,0,0,1,0,0,0,0
The Black Saint and the Sinner Lady,1,0,1,0,0,1,1,0,0,0,0,0,0,0,0,0,0,0,0,1,4,0,0,0,0,0,0,1,1,1,0,1,0,0,1,0,0,0
Uncle Meat,0,0,1,0,1,2,0,0,0,0,1,0,0,1,1,0,0,0,0,0,4,0,3,0,0,0,4,1,0,0,0,0,0,1,0,0,0,0
Os Mutantes,1,0,1,0,1,2,0,0,1,0,1,0,0,1,1,0,0,0,0,0,2,0,3,0,0,0,2,0,0,0,0,0,0,2,0,0,0,1
More,0,0,0,0,0,1,0,0,1,0,0,0,0,0,0,1,0,1,0,0,2,0,0,0,0,0,0,0,0,0,0,1,0,1,0,0,1,1
Midnight Marauders,0,1,0,0,0,2,0,0,1,1,0,0,1,0,0,1,1,0,0,0,0,0,2,0,2,0,0,0,0,0,0,0,0,4,0,0,0,0
The Age of Adz,1,0,0,0,0,3,1,1,0,0,0,0,1,1,1,1,0,0,1,0,3,1,0,0,0,0,2,1,0,2,0,1,1,1,1,0,1,0
Kaleidoscope,1,1,0,0,0,2,1,0,0,2,0,2,0,0,0,1,0,0,2,0,0,0,0,0,0,0,0,0,0,1,0,1,2,0,0,0,0,0
Desire,0,0,0,0,0,2,1,0,0,2,0,1,1,0,1,1,0,0,2,0,1,0,1,0,0,0,0,1,0,0,0,1,3,0,0,2,1,1
Mush,1,0,1,0,1,0,0,2,1,0,0,0,1,0,0,0,0,0,0,1,0,0,0,0,0,0,2,0,0,2,0,0,1,0,0,0,0,0
Amnesiac,0,0,0,1,0,1,1,1,0,3,0,2,0,0,1,1,0,0,2,0,3,0,0,0,0,0,0,0,0,0,0,0,5,0,0,0,0,0
Wrong,1,1,2,0,1,1,1,0,0,0,1,0,0,1,1,0,0,0,0,0,2,1,3,0,0,1,4,0,0,1,2,0,0,1,0,0,0,0
Verde anil amarelo cor de rosa e carvão,1,1,0,0,0,1,0,1,1,1,0,0,1,0,1,0,0,0,0,1,0,0,0,0,3,0,0,0,0,1,0,2,1,1,0,0,0,0
Led Zeppelin II,1,1,1,0,1,0,0,0,2,0,1,0,0,0,0,0,0,0,0,1,0,0,0,0,0,1,0,0,0,1,0,0,0,1,0,0,0,0
Low-Life,1,1,1,0,0,0,0,1,0,1,0,0,0,0,1,1,0,0,0,0,0,0,0,0,0,0,0,0,0,1,0,0,2,0,0,0,0,0
To Pimp a Butterfly,0,1,0,0,0,0,0,0,0,0,0,0,1,0,1,0,1,0,0,0,2,0,0,1,0,0,0,1,0,1,0,1,1,2,1,0,0,0
Planetarium,1,0,0,0,0,1,0,0,0,0,0,1,0,0,1,1,0,0,0,0,1,0,0,0,1,0,0,0,0,0,0,1,0,1,1,0,2,0
Polygondwanaland,1,1,0,0,0,2,0,0,0,0,0,1,1,0,0,1,0,0,1,0,3,0,0,0,0,0,0,0,0,0,0,1,0,0,1,1,2,0
Remain in Light,0,1,2,0,0,1,1,0,0,0,0,1,0,1,1,0,1,0,0,0,4,0,1,0,0,0,0,1,0,1,0,1,0,1,0,1,1,0
Up on the Sun,1,1,0,1,0,2,1,0,2,0,0,0,0,1,0,0,0,1,0,0,0,0,0,0,1,0,0,0,0,0,0,0,0,1,0,0,0,0
Hot Rats,1,1,1,0,0,3,0,0,1,0,0,0,0,1,1,0,0,0,0,0,3,0,0,0,0,0,0,1,0,0,0,0,0,2,0,0,0,0
The Low End Theory,0,1,0,0,0,0,0,0,1,1,0,0,1,0,0,0,1,0,0,0,0,0,1,0,1,0,0,0,0,0,0,1,0,2,0,1,0,1
Colossal Youth,1,1,0,1,1,1,0,1,0,2,0,2,0,1,0,0,0,0,1,0,1,0,0,0,1,0,0,0,0,0,0,1,2,1,0,3,0,0
Chomp,1,1,2,0,1,0,1,0,0,0,1,0,0,1,0,0,0,0,0,0,0,1,0,0,0,0,0,0,0,0,0,0,0,1,0,1,0,0
Children of God,0,1,0,0,1,0,1,0,0,1,0,2,0,0,1,1,0,0,7,0,1,0,0,0,0,1,2,1,0,0,2,2,4,0,0,1,0,0
John Lennon / Plastic Ono Band,1,0,0,0,1,0,1,1,0,0,1,0,1,0,0,0,0,0,0,0,0,0,0,1,0,0,0,0,0,1,1,0,4,0,0,1,0,0
Dois,1,1,1,0,0,1,1,2,1,2,1,1,1,0,1,1,1,0,1,0,0,0,0,1,1,0,0,0,0,2,1,0,6,0,0,0,0,0
Riot!,1,1,1,0,0,0,0,1,1,0,1,0,0,0,0,0,0,0,0,0,0,1,1,0,0,1,0,0,0,1,1,0,1,1,0,0,0,0
In Utero,0,0,2,1,1,0,1,0,0,0,1,0,1,0,0,0,0,0,2,0,0,0,1,0,0,1,4,0,0,1,2,0,6,0,0,0,0,0
"PetroDragonic Apocalypse;  or,  Dawn of Eternal Night:  An Annihilation of Planet Earth and the Beginning of Merciless Damnation",0,1,1,0,0,1,0,0,0,1,0,0,0,0,0,0,0,0,3,0,3,0,0,0,0,1,0,1,0,0,1,1,1,0,1,0,1,0
Energy,0,1,1,0,1,0,0,0,1,0,1,0,1,0,0,0,1,0,0,0,0,1,1,0,0,0,0,0,0,1,1,0,0,1,0,0,0,0
xx,1,0,0,0,0,0,0,2,0,2,0,0,0,0,0,1,0,0,0,2,0,0,0,0,4,0,0,0,0,0,0,1,1,0,0,2,0,0
Doolittle,1,0,2,0,1,1,1,0,0,0,1,1,1,1,0,0,0,0,0,0,0,0,2,0,0,0,4,0,0,1,0,0,0,1,0,0,0,0
No More Heroes,1,1,1,0,1,0,1,0,0,0,1,0,0,0,0,0,0,0,1,0,0,0,2,0,0,0,0,0,0,0,1,0,0,0,0,0,0,0
Laminated Denim,1,1,1,0,0,1,0,0,1,0,0,1,0,0,0,1,0,0,0,0,2,0,0,0,0,0,0,1,0,0,0,1,0,1,1,1,0,0
Milagre dos peixes,0,0,0,0,0,3,0,0,1,1,0,1,0,1,1,1,0,0,0,0,2,0,0,0,0,0,0,0,1,1,0,2,2,0,0,0,0,3
Dub Housing,0,1,1,0,0,2,1,0,0,0,0,1,0,1,0,0,1,0,3,0,1,0,1,0,0,0,2,0,0,0,0,0,0,1,0,1,1,0
War,1,1,1,0,0,0,1,1,0,0,1,0,0,0,0,0,0,0,1,0,0,1,0,0,0,0,0,0,0,1,1,0,0,0,0,0,0,0
Teenage Hate,0,0,2,0,2,0,0,0,0,0,1,0,0,1,1,0,0,0,0,0,0,1,2,0,0,0,4,0,0,0,1,0,1,0,0,1,0,0
Transformer,1,0,0,1,0,0,0,2,0,1,0,0,1,1,0,0,1,0,0,0,0,0,2,0,0,0,0,0,0,0,0,0,1,1,0,0,0,0
Specials,0,1,1,0,0,0,1,0,0,0,1,0,0,1,0,0,2,0,0,0,0,1,2,0,0,0,0,0,0,1,1,0,0,2,0,0,0,0
Pink Flag,0,0,1,1,1,0,1,0,0,0,1,2,0,1,1,0,0,0,0,0,0,0,2,0,0,0,2,0,0,0,2,0,0,1,0,2,0,0
Chairs Missing,0,1,1,0,0,1,1,0,0,1,0,2,0,0,1,1,0,0,2,0,1,0,1,0,0,0,0,0,0,0,0,0,0,1,0,1,0,0
Pieces of a Man,1,1,0,0,0,1,0,1,1,0,0,0,1,0,0,0,1,0,0,0,0,0,0,1,0,0,0,0,0,1,0,0,1,1,0,0,0,1
Led Zeppelin III,1,1,1,0,0,1,0,1,1,0,0,0,0,0,1,0,0,1,0,0,0,0,0,0,0,0,0,0,0,1,0,0,0,0,0,0,0,0
A Moon Shaped Pool,1,0,0,0,0,1,0,2,0,3,0,2,0,0,0,1,0,0,0,0,0,0,0,1,3,0,0,0,0,0,0,1,5,0,0,0,0,0
Jeopardy,0,1,1,0,1,0,1,0,0,2,0,0,0,0,0,1,1,0,3,0,0,0,0,1,0,0,0,0,0,1,0,0,4,0,0,0,0,0
Dig Me Out,1,0,1,0,1,0,1,1,1,0,1,0,0,0,0,0,0,0,0,1,0,0,0,0,0,0,0,0,0,1,1,0,0,0,0,0,0,0
Coisas,1,1,0,0,0,1,0,1,1,1,0,0,0,0,0,0,0,0,0,0,0,0,0,0,2,0,0,0,1,1,0,0,0,0,0,0,0,0
Real Life,0,1,1,0,0,0,1,0,0,1,0,2,0,1,1,1,0,0,2,0,2,0,1,0,0,0,0,0,0,1,0,0,1,1,0,0,0,0
English Settlement,1,1,1,0,0,2,1,1,1,0,0,0,0,1,1,1,0,1,0,0,2,0,0,0,1,0,0,0,0,0,0,0,0,1,0,0,0,0
"Ice, Death, Planets, Lungs, Mushrooms and Lava",1,1,1,0,0,2,0,0,1,0,0,1,0,1,1,0,0,0,1,0,2,0,0,0,0,0,0,1,0,1,0,1,0,1,1,1,1,0
Forever Changes,1,0,0,0,0,3,1,2,2,0,0,2,1,0,0,0,0,0,0,0,0,0,0,0,0,0,0,1,0,0,0,1,2,0,0,0,0,0
Loveless,1,0,0,0,0,3,0,2,1,0,0,0,0,0,0,1,0,0,0,2,1,0,0,0,1,0,2,1,0,1,0,2,1,0,0,1,0,0
Marquee Moon,1,1,1,0,1,1,1,0,0,1,0,1,1,1,0,0,1,0,0,0,1,0,0,0,0,0,0,0,0,0,0,0,1,1,0,0,0,0
Meddle,0,0,0,0,0,3,0,1,1,0,0,1,1,0,1,1,0,0,0,0,2,0,0,0,4,0,0,0,0,0,0,2,0,0,1,0,1,1
Sticky Fingers,1,1,1,0,1,0,0,1,0,0,1,0,0,0,0,0,0,0,0,0,0,0,0,0,0,0,0,0,0,1,0,0,1,1,0,0,0,0
Y,0,1,2,0,1,2,1,0,0,1,0,0,1,1,1,1,0,0,3,0,3,0,0,0,0,0,6,1,0,1,1,0,0,0,0,0,0,0
"....In ""Jane From Occupied Europe""",0,1,1,0,2,1,1,0,0,1,0,2,0,1,0,1,0,0,2,0,2,0,0,0,0,0,6,1,0,0,0,1,0,0,0,0,0,0
The Raincoats,1,0,1,0,2,0,0,0,0,0,0,0,0,1,0,0,1,0,0,0,1,0,1,0,0,0,2,0,0,1,0,0,0,1,0,1,0,0
Cabeça dinossauro,1,1,1,0,0,0,0,0,0,0,1,0,1,0,1,0,0,0,0,0,0,1,2,0,0,0,0,0,0,0,2,0,0,0,0,0,0,0
More Songs About Buildings and Food,1,1,2,0,0,1,1,0,1,0,0,0,0,1,0,0,1,0,0,0,0,0,3,0,0,0,0,0,0,0,0,0,0,1,0,0,0,0
OK Computer,1,0,0,0,0,0,1,1,0,1,0,0,1,0,0,1,1,0,0,0,1,0,1,1,0,0,0,1,0,1,0,0,5,0,0,0,1,0
Everything Goes Numb,1,0,1,0,0,1,1,2,0,0,1,0,1,0,0,0,0,0,0,1,0,1,0,0,0,0,0,0,0,2,1,0,0,2,0,0,0,0
This Is Happening,1,1,1,1,0,0,1,1,0,1,0,0,0,1,1,0,2,0,0,0,1,1,2,0,0,0,0,0,0,2,0,0,0,3,0,1,0,0
Freak Out!,1,0,2,0,1,2,0,1,0,0,1,0,0,1,1,0,0,0,0,0,3,0,3,0,0,0,2,0,0,0,0,0,0,1,0,0,0,0
Vs.,1,1,1,0,1,0,1,0,0,0,1,1,0,0,0,0,0,0,0,0,3,0,0,0,0,0,6,1,0,1,2,0,0,0,0,0,0,0
Trompe le monde,1,0,2,0,1,1,1,0,0,0,0,0,0,1,0,0,0,0,0,0,0,0,0,0,0,0,2,0,0,0,0,0,0,1,0,0,1,1
Here's Little Richard,1,1,1,0,1,0,0,1,0,0,1,0,0,0,0,0,1,0,0,0,0,1,0,0,0,0,0,0,0,1,0,0,0,3,0,0,0,0
Something Else by The Kinks,1,0,0,0,0,1,0,1,1,0,0,0,1,1,1,0,0,0,0,0,0,0,0,0,0,0,0,0,0,0,0,0,0,2,0,0,0,1
Rocket to Russia,1,0,1,0,1,0,0,0,1,0,1,0,0,0,0,0,1,0,0,0,0,1,1,0,0,1,0,0,0,0,0,0,0,1,0,2,0,0
Deceit,0,1,1,0,1,1,1,0,0,2,0,1,1,0,1,1,0,0,5,0,4,0,1,1,0,0,6,1,0,0,1,0,2,0,0,0,0,0
Spiderland,0,1,0,1,1,0,1,1,0,2,0,2,1,0,0,1,0,0,2,0,2,0,0,1,0,0,2,0,0,1,0,1,5,0,0,0,0,0
The Division Bell,1,0,0,0,0,1,0,2,0,0,0,0,0,0,0,1,0,1,0,0,1,0,0,1,3,0,0,0,0,1,0,1,2,0,1,0,0,0
Led Zeppelin [IV],1,1,1,0,0,0,0,1,0,0,1,2,0,0,1,0,0,0,0,0,1,0,0,0,0,1,0,0,0,1,0,0,0,0,1,0,0,0
Vento de maio,1,1,0,0,0,1,0,1,0,0,0,0,1,0,1,0,0,0,0,1,0,0,0,0,1,0,0,0,0,1,0,0,1,0,0,0,0,1
A Saucerful of Secrets,0,0,0,0,0,2,0,0,0,1,0,1,1,0,0,1,0,0,2,0,2,0,0,0,0,0,0,1,0,0,0,1,0,0,0,0,1,0
The Piper at the Gates of Dawn,1,1,0,0,1,2,1,0,1,0,0,1,1,1,0,0,0,0,0,0,1,0,0,0,0,0,2,0,0,0,0,1,0,1,0,0,1,0
Naked,0,1,0,0,0,0,0,0,2,1,0,0,0,1,1,0,0,0,1,0,0,0,0,0,0,0,0,1,0,0,0,0,0,1,0,0,0,1
II,1,0,0,0,1,2,0,0,2,0,0,0,0,0,0,1,0,0,0,1,0,0,0,0,2,0,0,0,0,0,0,1,2,0,0,0,0,0
Die Mensch-Maschine,1,1,0,1,0,0,0,0,0,2,0,1,0,0,0,1,1,0,0,0,0,0,0,0,0,0,0,0,0,0,0,1,0,0,0,2,2,0
A Fever You Can't Sweat Out,1,0,1,0,0,0,1,1,0,0,0,0,1,1,1,0,0,0,0,0,0,1,1,0,0,0,0,0,0,1,0,0,1,1,0,0,0,0
Obscured by Clouds,1,0,0,0,0,2,0,0,1,0,0,0,1,0,0,1,0,1,0,0,1,0,0,0,3,0,0,0,0,0,0,1,1,0,0,0,0,0
The Modern Lovers,1,1,1,1,1,0,1,1,0,1,0,0,0,1,0,0,1,0,0,1,0,0,1,0,0,0,0,0,0,1,0,0,1,4,0,0,0,0
Clube da Esquina,1,1,0,0,0,2,0,2,2,0,0,0,1,0,1,1,0,0,0,0,2,0,0,0,4,0,0,1,0,2,0,2,1,1,0,0,0,2
Horses,0,0,1,0,1,1,0,0,0,0,1,1,1,1,1,0,0,0,0,0,0,0,1,0,0,0,2,0,0,1,0,0,0,1,1,0,0,0
Swordfishtrombones,0,0,0,0,1,1,0,2,0,1,0,1,1,1,1,1,1,0,2,0,1,0,2,0,0,0,0,0,0,1,0,0,2,1,0,0,0,0
Three Cheers for Sweet Revenge,1,0,2,0,0,0,1,1,0,1,1,0,1,0,0,0,0,0,1,1,0,1,1,0,0,1,0,0,0,1,1,0,4,1,0,0,0,0
Minas,1,0,0,0,0,3,1,2,1,0,0,0,1,0,1,1,0,0,0,0,3,0,0,0,4,0,0,0,0,2,0,1,1,0,0,0,0,0
Hallowed Ground,0,1,2,0,1,0,1,0,0,1,1,0,0,1,0,0,0,1,3,0,1,0,1,0,0,0,0,0,1,1,0,1,0,1,0,0,0,1
Illinois,1,0,0,0,0,1,0,1,1,0,0,0,1,1,1,1,0,1,0,0,3,0,0,0,3,0,0,1,0,1,0,0,1,3,1,0,0,1
Melodrama,1,0,1,0,0,1,0,2,0,1,0,0,1,0,0,1,1,0,0,1,0,1,0,0,0,0,0,0,0,2,0,0,4,0,0,0,0,0
Their Satanic Majesties Request,1,0,0,0,0,2,0,0,0,0,0,1,1,1,1,0,1,1,0,0,0,0,0,0,0,0,0,1,0,0,0,1,0,1,0,0,2,0
MM3,1,1,1,0,0,1,1,0,0,0,0,0,0,0,0,0,0,0,2,0,1,0,0,0,0,0,4,0,0,0,0,1,0,0,0,0,0,0
A Trip to Marineville,0,1,2,0,2,0,1,0,0,0,1,1,0,1,0,0,0,0,0,0,2,0,1,0,0,0,6,1,0,0,0,0,0,1,0,0,0,0
We're Only in It for the Money,1,0,1,0,0,2,0,0,0,0,1,0,0,1,1,0,0,0,1,0,3,0,3,0,0,0,2,0,0,0,0,0,2,1,0,0,0,0
The Modern Dance,0,1,2,0,1,1,1,0,0,0,1,1,0,1,1,0,1,0,1,0,4,0,2,0,0,0,6,1,0,0,0,0,0,0,0,0,0,0
Krishnanda,1,1,0,0,1,2,0,1,1,0,0,1,0,1,1,0,0,0,0,0,1,0,0,0,0,0,0,0,0,0,0,1,0,0,0,0,0,2
Nowhere,1,1,1,0,0,3,0,2,2,0,0,0,1,0,0,1,0,0,0,1,0,0,0,0,0,0,2,1,0,0,0,1,2,0,0,0,0,1
Nara,1,1,0,1,0,1,0,1,0,0,0,0,1,0,0,0,1,0,0,0,0,0,0,0,3,0,0,0,0,0,0,0,2,0,0,0,0,0
Get Behind Me Satan,1,1,1,0,1,0,0,1,0,0,1,0,0,1,1,0,0,0,0,0,0,0,0,0,0,0,0,0,0,0,0,0,0,1,0,1,0,0
Close to the Edge,1,0,1,0,0,2,0,2,1,0,0,2,1,0,0,1,0,1,0,0,4,0,0,0,2,0,0,1,0,1,0,3,0,4,1,0,0,1
À vontade,0,1,0,0,0,1,0,1,1,0,0,0,0,0,1,0,0,0,0,0,1,0,0,0,3,0,0,0,0,2,0,0,0,1,0,0,0,1
Metá Metá,1,1,0,0,0,1,0,1,0,0,0,0,1,0,0,0,1,0,0,1,0,0,0,0,1,0,0,0,0,0,0,0,0,1,0,0,0,1
Is This Real?,1,0,1,0,1,0,1,1,0,0,0,0,0,0,0,0,0,0,1,0,0,0,0,0,0,1,2,0,0,1,0,0,4,0,0,0,0,0
Skylarking,1,0,0,0,0,3,0,1,2,0,0,0,1,1,1,0,0,1,0,1,1,0,1,0,0,0,0,0,0,0,0,0,0,1,0,0,0,1
Cut,0,1,2,0,1,1,1,0,1,0,1,0,0,1,1,0,0,0,0,0,0,0,3,0,0,0,2,0,0,0,0,0,0,1,0,1,0,0
White Blood Cells,1,0,1,0,1,0,0,1,0,0,1,0,0,0,0,0,0,0,0,0,0,0,0,0,0,0,2,0,0,1,0,0,0,1,0,1,0,1
Os afro-sambas de Baden e Vinícius,1,1,0,0,1,1,0,1,1,0,0,0,1,0,0,0,0,0,0,1,0,0,0,0,0,0,0,0,1,1,0,3,0,0,0,0,0,0
Elephant,1,0,1,0,1,0,0,0,0,0,1,0,0,0,0,0,0,0,0,1,0,1,0,0,0,0,2,0,0,1,1,0,0,1,0,1,0,0
American Dream,0,1,0,0,0,0,1,1,0,2,0,0,0,0,1,1,0,0,1,0,0,0,1,0,0,0,0,0,0,1,0,0,0,0,0,1,0,0
Pablo Honey,1,0,1,0,1,0,1,2,0,0,1,0,0,0,0,0,0,0,0,0,0,0,1,0,0,0,2,0,0,0,0,0,5,0,0,0,0,1
MetaL MetaL,0,1,1,0,0,0,0,0,1,0,0,0,0,0,1,0,0,0,0,0,1,0,0,0,0,0,2,0,0,0,0,1,0,2,0,0,0,1
Miúcha & Antônio Carlos Jobim,1,1,0,0,0,1,0,2,1,0,0,0,1,0,0,0,1,0,0,1,0,0,0,0,1,0,0,0,1,0,0,1,1,0,0,0,0,1
Fun House,0,1,2,0,1,2,1,0,0,0,1,0,0,0,0,0,0,0,2,0,1,1,0,0,0,1,6,0,0,0,1,0,0,0,0,1,0,0
Quadrophenia,1,0,1,0,0,0,0,2,0,0,1,0,0,0,0,0,0,0,0,0,1,0,0,0,0,0,0,1,0,1,0,0,2,1,1,0,0,2
Herb Alpert Presents Sergio Mendes & Brasil '66,1,1,1,0,0,1,0,0,2,0,0,0,0,0,0,0,0,0,0,1,0,0,0,0,1,0,0,0,0,0,0,0,0,1,0,0,0,1
Encarnado,0,0,0,0,0,1,1,0,0,0,0,0,0,0,0,0,0,0,2,0,2,0,0,0,0,0,4,0,0,1,0,1,1,0,0,0,0,1
Estudando o samba,1,1,0,0,0,1,0,0,1,0,0,0,1,1,0,0,1,0,0,0,2,0,1,0,0,0,0,0,0,1,0,1,1,1,0,1,0,0
O canto livre de Nara,0,1,0,0,0,1,0,1,1,0,0,0,1,0,0,0,0,0,0,1,0,0,0,0,3,0,0,0,1,2,0,0,1,0,0,0,0,0
Drums and Wires,1,1,2,0,0,2,1,0,0,0,1,1,0,1,0,1,0,0,0,0,1,0,3,0,0,0,0,1,0,0,0,1,0,1,0,0,0,0
The Velvet Underground & Nico,1,0,0,2,2,1,1,0,0,0,1,0,1,0,1,0,1,0,1,0,1,0,0,0,0,0,4,0,0,0,0,0,1,0,0,0,0,0
De primeira,1,1,0,0,0,1,0,1,2,0,0,0,1,1,0,0,0,0,0,2,0,0,0,0,1,0,0,0,0,1,0,0,0,2,0,0,0,1
The Scream,0,1,2,0,1,1,1,0,0,2,0,1,0,0,0,0,0,0,2,0,0,0,1,0,0,0,4,0,0,0,1,0,0,0,0,0,0,1
Digital Stimulation,0,1,2,0,1,0,1,0,0,1,0,0,0,1,0,0,1,0,0,0,1,1,0,0,0,0,2,0,0,0,0,0,1,1,0,0,1,0
Maria Bethania,1,1,0,0,0,1,1,0,0,0,0,1,1,0,0,0,0,0,0,1,0,0,0,0,0,0,0,0,0,1,1,1,1,0,0,0,0,0
Over the Edge,1,1,1,0,2,0,1,0,0,1,0,0,0,0,0,1,0,0,2,0,1,0,0,1,0,0,0,0,0,1,2,0,3,0,0,0,0,0
Rain Dogs,0,1,0,0,0,1,1,1,0,1,0,1,1,1,1,1,1,0,1,0,1,0,2,0,0,0,2,0,0,0,0,0,1,1,0,0,0,1
Ramones,1,0,1,0,1,0,0,0,0,0,1,0,0,1,0,0,1,0,0,0,0,1,1,0,0,0,2,0,0,0,1,0,0,1,0,2,0,0
Daydream Nation,1,1,2,1,1,2,1,0,0,0,1,1,0,0,0,1,1,0,1,0,1,0,1,0,0,0,6,1,0,1,1,1,0,0,0,0,0,0
Never Mind the Bollocks Here's the Sex Pistols,1,1,1,0,1,0,0,0,0,0,1,0,0,0,0,0,1,0,0,0,0,1,3,0,0,0,0,0,0,0,2,0,1,0,0,0,0,0
Lonerism,1,1,0,0,0,3,0,2,2,0,0,0,0,0,0,1,0,0,0,1,0,0,0,0,1,0,0,1,0,0,0,2,2,1,0,0,0,0
Бодун,0,1,0,0,0,0,1,0,0,1,0,1,0,1,1,0,0,0,0,0,1,0,0,0,0,0,0,0,0,1,0,0,3,1,0,0,0,0
Suicide,0,1,2,0,2,1,1,0,0,2,0,0,0,0,0,1,1,0,4,0,1,0,0,1,0,0,2,0,0,0,0,1,2,0,0,3,0,0
Nevermind,1,0,1,1,0,0,1,0,0,0,1,1,1,0,0,0,0,0,0,0,0,1,1,0,0,1,0,1,0,1,2,0,3,0,0,0,0,0
The Black Parade,1,1,1,0,0,0,1,1,0,0,1,0,1,0,1,0,0,0,2,0,0,1,1,0,0,0,0,1,0,2,0,0,4,1,1,0,0,0
The Wall,1,0,0,0,0,1,1,0,0,0,1,0,1,0,1,1,0,0,1,0,1,0,2,1,0,0,0,0,0,1,0,0,5,0,1,0,0,0
Germfree Adolescents,1,0,2,0,1,0,1,0,0,0,1,0,0,1,0,0,0,0,0,0,0,0,2,0,0,0,0,0,0,0,1,0,0,1,0,0,0,0
Violent Femmes,1,0,2,1,1,0,1,2,1,0,1,0,0,1,0,0,0,0,0,0,0,0,3,0,0,0,0,0,1,0,0,0,1,1,0,0,0,0
A dança da solidão,1,1,0,0,0,1,0,1,1,1,0,0,1,0,0,1,0,0,0,0,0,1,0,0,1,0,0,0,0,2,0,0,2,0,0,0,0,0
In Rainbows,1,1,0,0,0,2,0,2,1,0,0,0,0,0,1,1,0,0,0,1,1,0,0,0,1,0,0,0,0,1,0,2,1,0,0,0,0,1
Surfer Rosa,1,0,2,0,1,0,1,0,0,0,1,1,0,1,0,0,0,0,0,0,0,0,3,0,0,0,4,0,0,0,1,0,0,1,0,0,0,0
Walk Among Us,1,0,1,0,1,0,0,0,0,1,1,0,0,0,0,0,0,0,1,0,0,1,1,0,0,0,0,0,0,0,0,0,0,1,0,0,0,0
Origin of Symmetry,1,0,1,0,0,1,1,0,0,0,0,0,0,0,1,1,0,0,0,0,2,0,0,0,0,1,2,1,0,1,0,0,1,0,1,0,2,0
The Dark Side of the Moon,1,0,0,0,0,1,0,0,0,1,0,0,1,0,0,1,0,0,0,0,1,0,0,1,2,0,0,0,0,0,0,0,0,0,1,0,1,0
The Flowers of Romance,0,1,0,0,0,2,1,0,0,1,1,1,0,0,0,1,0,0,3,0,3,0,1,0,0,0,4,0,0,0,0,1,0,0,0,3,0,0
Seven Swans,1,0,0,0,0,0,0,1,0,0,0,0,0,0,0,1,0,1,0,1,0,0,0,0,5,0,0,0,1,0,0,1,2,0,0,0,0,1
Meat Puppets II,0,0,2,0,1,2,0,0,2,0,0,1,0,1,0,0,0,1,0,0,0,0,1,0,0,0,0,0,0,1,0,0,1,1,0,0,0,1
The Idiot,0,0,0,0,0,1,1,0,0,2,0,0,0,0,0,1,1,0,2,0,0,0,1,0,0,0,0,0,0,0,0,0,2,1,0,1,0,0
Mambo Nassau,1,1,2,0,1,3,1,0,2,0,1,1,0,1,1,0,2,0,0,0,4,0,0,0,1,0,0,1,0,0,0,1,0,3,0,1,0,2
Edu canta Zumbi,1,0,0,1,0,1,0,0,1,0,1,0,1,0,0,0,0,0,1,0,0,0,0,0,1,0,0,0,0,1,0,0,2,1,0,0,0,1
Omnium Gatherum,1,1,1,0,0,3,0,0,2,0,0,0,0,1,1,0,0,0,1,0,2,0,0,0,0,0,0,1,0,1,0,0,0,1,0,1,0,0
Ram,1,0,0,0,1,2,0,1,1,0,0,0,0,1,1,0,0,1,0,0,1,0,0,0,0,0,0,0,0,1,0,0,0,3,0,0,0,1
Legião Urbana,1,0,1,0,1,0,1,1,0,0,1,0,1,0,1,0,0,0,0,1,0,1,0,0,1,0,0,0,0,0,0,0,1,0,0,0,0,0
Bleach,0,0,1,0,1,0,1,0,0,0,1,0,0,0,0,0,0,0,2,0,0,0,0,0,0,1,4,1,0,1,2,0,2,0,0,0,0,0
Purple Rain,1,1,1,0,0,1,0,0,0,1,0,0,0,0,1,0,2,0,0,2,0,1,0,0,0,0,0,0,0,2,0,1,0,3,1,0,0,0
White Light / White Heat,0,1,2,2,2,2,0,0,0,0,1,0,0,0,0,0,1,0,2,0,1,0,2,0,0,0,6,1,0,0,1,1,1,0,0,1,0,0
Soul Mining,1,1,1,0,0,0,1,1,0,0,0,0,0,1,0,0,0,0,0,0,0,0,0,1,0,0,0,0,0,2,0,0,5,0,0,0,0,0
Michigan,1,1,0,0,0,1,0,2,0,2,0,0,1,0,0,1,0,1,0,0,1,0,0,0,3,0,0,0,1,1,0,0,2,0,0,0,0,1
Currents,1,1,0,0,0,2,1,2,1,1,0,0,0,0,0,1,0,0,0,0,0,0,0,0,1,0,0,1,0,1,0,2,1,0,0,0,0,0
New Gold Dream (81-82-83-84),1,1,0,0,0,2,0,1,1,1,0,2,1,0,0,1,0,0,0,0,0,0,0,0,0,0,0,1,0,0,0,2,2,2,0,0,0,0
Murder of the Universe,0,1,1,0,0,2,0,0,0,0,0,0,1,0,0,1,0,0,3,0,1,0,0,0,0,1,4,1,0,0,0,0,0,0,1,1,0,0
Dez anos depois,0,0,0,0,0,0,0,1,1,1,0,0,1,0,0,0,0,0,0,1,0,0,0,0,3,0,0,0,1,1,0,0,2,0,0,1,0,1
Fear of Music,0,1,2,0,0,1,1,0,0,2,0,2,0,1,1,0,1,0,0,0,2,0,2,0,0,0,0,1,0,0,0,0,1,1,0,0,0,0
Nowa Aleksandria,0,1,1,0,0,0,1,0,0,2,0,1,0,0,0,1,1,0,3,0,0,0,0,0,0,1,0,0,0,0,0,1,1,0,0,1,1,0
Kid A,0,1,0,1,0,1,1,1,0,3,0,2,0,0,1,1,0,0,3,0,1,0,0,1,0,0,0,1,0,0,0,2,4,0,0,0,1,0
"Sorry Ma, Forgot to Take Out the Trash",1,0,2,0,2,0,0,1,0,0,1,0,0,0,0,0,1,0,0,0,0,0,2,0,0,0,0,0,0,1,1,0,0,0,0,0,0,0
Innerspeaker,1,0,1,0,0,3,0,2,2,0,0,0,0,0,0,1,0,0,0,0,1,0,0,0,1,0,2,1,0,1,0,2,1,2,0,0,0,0
The College Dropout,1,1,0,0,0,0,0,1,1,0,0,0,0,0,0,0,1,0,0,0,0,1,3,0,0,0,0,0,0,2,0,0,0,4,0,0,0,1
Light Upon the Lake,1,0,0,0,0,1,0,1,1,0,0,0,0,0,0,0,0,1,0,1,0,0,0,0,3,0,0,0,0,1,0,0,1,0,0,0,0,1
Blood Visions,1,0,2,0,2,0,1,0,0,0,1,1,0,0,0,0,0,0,0,0,0,1,2,0,0,0,4,0,0,1,1,0,3,0,0,1,0,0
On Avery Island,1,0,0,0,2,2,1,2,1,0,0,0,1,1,0,0,0,0,0,0,0,0,0,0,0,0,2,0,0,2,0,0,2,0,0,0,0,0
"Oh, Inverted World",1,0,0,0,0,2,0,1,2,0,0,0,0,1,0,1,0,0,0,0,0,0,0,0,1,0,0,0,0,1,0,1,1,2,0,0,0,0
Songs From the Big Chair,1,1,0,0,0,1,0,2,0,1,0,0,0,0,0,1,0,0,0,0,1,1,0,0,0,0,0,0,0,2,0,1,1,0,0,0,0,0
Boxer,1,1,0,0,0,1,0,2,0,1,0,0,1,0,0,0,1,0,0,1,0,0,0,1,0,0,0,0,0,0,0,0,3,0,0,0,0,1
Just for a Day,1,0,0,1,0,3,0,2,1,1,0,1,1,0,0,1,0,0,0,1,0,0,0,0,4,0,0,1,0,0,0,2,3,0,0,0,0,1
Da lama ao caos,1,1,1,0,0,1,1,0,1,0,0,0,1,0,0,0,1,0,0,0,0,1,0,0,0,0,0,0,0,1,1,2,0,1,0,0,0,1
People's Instinctive Travels and the Paths of Rhythm,0,1,0,0,0,1,0,0,0,0,0,0,1,0,0,0,1,0,0,0,0,0,1,0,1,0,0,0,0,1,0,1,0,1,0,0,0,0
Caetano Veloso,1,0,1,0,0,2,0,1,2,0,0,1,0,0,1,1,1,0,0,0,1,1,2,0,0,0,0,0,1,1,0,0,0,2,0,0,0,1
Filth,0,1,2,0,1,0,1,0,0,1,1,0,0,0,0,0,1,0,5,0,2,0,1,0,0,1,4,0,0,0,2,1,3,0,0,1,0,0
Flying Microtonal Banana,0,1,1,0,0,2,0,0,1,0,0,1,0,1,0,0,0,0,0,0,2,0,0,0,0,0,0,0,0,0,0,1,0,1,0,1,0,1
Talking Heads: 77,1,1,2,0,0,0,1,0,0,0,0,0,0,1,0,0,1,0,0,0,0,0,2,0,0,0,0,0,0,0,0,0,1,1,0,0,0,0
Metal Box,0,1,0,0,1,0,1,0,0,2,0,1,0,0,0,1,0,0,2,0,1,0,1,0,0,0,2,0,0,0,0,1,3,0,0,1,0,0
The Curse of Zounds!,0,0,1,0,1,0,0,0,0,0,0,0,0,0,0,0,1,0,1,0,0,0,2,0,0,0,0,0,0,0,2,0,1,0,0,1,0,1
If I Should Fall From Grace With God,1,0,1,0,0,0,0,1,0,0,1,0,1,0,1,0,0,1,0,0,0,0,0,0,0,0,0,0,1,1,0,0,0,1,0,0,0,0
Acabou chorare,1,1,1,0,0,2,0,0,2,0,0,0,1,0,0,0,1,0,0,0,1,0,0,0,2,0,0,0,1,1,0,0,0,4,0,0,0,1
Public Image,0,1,0,0,1,1,1,0,0,0,1,0,0,0,0,0,0,0,1,0,1,0,2,0,0,0,4,0,0,0,1,0,1,0,0,1,0,0
Animals,0,0,0,0,0,1,1,1,0,0,1,0,0,0,0,1,1,0,1,0,2,0,2,1,0,0,0,0,0,1,1,0,1,1,1,0,0,0
Double Nickels on the Dime,0,1,1,0,0,0,1,0,1,0,1,0,1,1,1,0,0,0,0,0,3,0,3,0,0,0,2,0,0,1,0,0,0,1,0,0,0,0
Radios Appear,0,1,1,0,1,0,0,0,1,0,0,0,0,0,0,0,1,0,1,0,0,0,0,0,0,0,2,0,0,0,1,0,0,0,0,1,0,0
Stranglers IV (Rattus Norvegicus),0,1,1,0,1,1,1,0,0,0,1,0,0,0,0,0,1,0,0,0,1,0,2,0,0,0,0,0,0,0,1,0,0,0,0,0,0,0
White Light From the Mouth of Infinity,1,0,0,1,0,2,0,1,0,2,0,1,1,0,0,1,0,0,4,0,0,0,0,1,0,0,0,1,0,0,0,1,6,0,1,0,0,2
Manhã de liberdade,1,1,0,0,0,1,0,1,2,0,0,0,1,0,0,1,1,0,0,0,0,1,0,0,1,0,0,0,0,1,0,0,2,0,0,0,0,1
From the Lions Mouth,0,0,0,0,0,0,1,2,0,2,0,0,0,0,0,1,0,0,1,0,0,1,0,0,0,0,0,0,0,1,0,1,4,1,0,0,0,0
The King of Limbs,0,1,0,0,0,2,1,1,1,1,0,2,0,0,1,1,0,0,0,0,1,0,0,0,3,0,0,0,0,0,0,3,1,0,0,1,0,2
In the Aeroplane Over the Sea,1,0,0,0,2,2,0,2,1,0,0,1,1,0,0,0,0,0,0,0,0,0,0,0,0,0,2,0,1,2,0,0,2,0,0,0,0,1
McCartney,1,0,0,0,2,0,0,1,1,0,0,0,0,0,0,0,0,1,0,1,0,0,0,0,3,0,0,0,0,0,0,0,1,1,0,1,0,0
Hail to the Thief,1,1,1,0,0,1,1,0,0,1,1,1,0,0,1,1,0,0,1,0,2,0,0,1,0,0,0,1,0,1,1,0,3,0,0,0,0,1
Wish You Were Here,1,0,0,0,0,1,0,2,0,0,0,0,1,0,0,1,0,0,0,0,2,0,0,1,1,0,0,0,0,1,0,0,2,0,1,0,0,0
Crossing the Red Sea With The Adverts,1,1,1,0,1,0,0,0,0,0,1,0,0,0,0,0,1,0,0,0,0,1,1,0,0,0,0,0,0,1,2,0,0,0,0,0,0,0
